{
  "n": 96,
  "systems": [
    "text",
    "pixel",
    "flow",
    "raw_wan",
    "morepa",
    "moft",
    "trd"
  ],
  "overlap_both_correct": {
    "text": {
      "text": 44,
      "pixel": 43,
      "flow": 39,
      "raw_wan": 42,
      "morepa": 43,
      "moft": 41,
      "trd": 34
    },
    "pixel": {
      "text": 43,
      "pixel": 45,
      "flow": 39,
      "raw_wan": 43,
      "morepa": 43,
      "moft": 40,
      "trd": 35
    },
    "flow": {
      "text": 39,
      "pixel": 39,
      "flow": 43,
      "raw_wan": 40,
      "morepa": 40,
      "moft": 39,
      "trd": 32
    },
    "raw_wan": {
      "text": 42,
      "pixel": 43,
      "flow": 40,
      "raw_wan": 46,
      "morepa": 43,
      "moft": 41,
      "trd": 35
    },
    "morepa": {
      "text": 43,
      "pixel": 43,
      "flow": 40,
      "raw_wan": 43,
      "morepa": 46,
      "moft": 41,
      "trd": 35
    },
    "moft": {
      "text": 41,
      "pixel": 40,
      "flow": 39,
      "raw_wan": 41,
      "morepa": 41,
      "moft": 42,
      "trd": 32
    },
    "trd": {
      "text": 34,
      "pixel": 35,
      "flow": 32,
      "raw_wan": 35,
      "morepa": 35,
      "moft": 32,
      "trd": 37
    }
  },
  "overlap_jaccard": {
    "text": {
      "text": 1.0,
      "pixel": 0.9347826086956522,
      "flow": 0.8125,
      "raw_wan": 0.875,
      "morepa": 0.9148936170212766,
      "moft": 0.9111111111111111,
      "trd": 0.723404255319149
    },
    "pixel": {
      "text": 0.9347826086956522,
      "pixel": 1.0,
      "flow": 0.7959183673469388,
      "raw_wan": 0.8958333333333334,
      "morepa": 0.8958333333333334,
      "moft": 0.851063829787234,
      "trd": 0.7446808510638298
    },
    "flow": {
      "text": 0.8125,
      "pixel": 0.7959183673469388,
      "flow": 1.0,
      "raw_wan": 0.8163265306122449,
      "morepa": 0.8163265306122449,
      "moft": 0.8478260869565217,
      "trd": 0.6666666666666666
    },
    "raw_wan": {
      "text": 0.875,
      "pixel": 0.8958333333333334,
      "flow": 0.8163265306122449,
      "raw_wan": 1.0,
      "morepa": 0.8775510204081632,
      "moft": 0.8723404255319149,
      "trd": 0.7291666666666666
    },
    "morepa": {
      "text": 0.9148936170212766,
      "pixel": 0.8958333333333334,
      "flow": 0.8163265306122449,
      "raw_wan": 0.8775510204081632,
      "morepa": 1.0,
      "moft": 0.8723404255319149,
      "trd": 0.7291666666666666
    },
    "moft": {
      "text": 0.9111111111111111,
      "pixel": 0.851063829787234,
      "flow": 0.8478260869565217,
      "raw_wan": 0.8723404255319149,
      "morepa": 0.8723404255319149,
      "moft": 1.0,
      "trd": 0.6808510638297872
    },
    "trd": {
      "text": 0.723404255319149,
      "pixel": 0.7446808510638298,
      "flow": 0.6666666666666666,
      "raw_wan": 0.7291666666666666,
      "morepa": 0.7291666666666666,
      "moft": 0.6808510638297872,
      "trd": 1.0
    }
  },
  "important_overlap": {
    "text_wrong_raw_wan_correct": 4,
    "pixel_wrong_raw_wan_correct": 3,
    "flow_wrong_raw_wan_correct": 6,
    "text_pixel_flow_all_wrong": 46,
    "text_pixel_flow_all_wrong_raw_wan_correct": 1,
    "p_raw_wan_correct_given_tpf_all_wrong": 0.021739130434782608,
    "chance_4way": 0.25
  },
  "per_question_type": {
    "Action Order": {
      "text": {
        "acc": 0.3333333333333333,
        "correct": 8,
        "total": 24
      },
      "pixel": {
        "acc": 0.375,
        "correct": 9,
        "total": 24
      },
      "flow": {
        "acc": 0.3333333333333333,
        "correct": 8,
        "total": 24
      },
      "raw_wan": {
        "acc": 0.375,
        "correct": 9,
        "total": 24
      },
      "morepa": {
        "acc": 0.375,
        "correct": 9,
        "total": 24
      },
      "moft": {
        "acc": 0.2916666666666667,
        "correct": 7,
        "total": 24
      },
      "trd": {
        "acc": 0.375,
        "correct": 9,
        "total": 24
      }
    },
    "Motion Recognition": {
      "text": {
        "acc": 0.4583333333333333,
        "correct": 11,
        "total": 24
      },
      "pixel": {
        "acc": 0.4166666666666667,
        "correct": 10,
        "total": 24
      },
      "flow": {
        "acc": 0.4166666666666667,
        "correct": 10,
        "total": 24
      },
      "raw_wan": {
        "acc": 0.5,
        "correct": 12,
        "total": 24
      },
      "morepa": {
        "acc": 0.5,
        "correct": 12,
        "total": 24
      },
      "moft": {
        "acc": 0.4583333333333333,
        "correct": 11,
        "total": 24
      },
      "trd": {
        "acc": 0.2916666666666667,
        "correct": 7,
        "total": 24
      }
    },
    "Motion-related Objects": {
      "text": {
        "acc": 0.5416666666666666,
        "correct": 13,
        "total": 24
      },
      "pixel": {
        "acc": 0.5416666666666666,
        "correct": 13,
        "total": 24
      },
      "flow": {
        "acc": 0.5416666666666666,
        "correct": 13,
        "total": 24
      },
      "raw_wan": {
        "acc": 0.5,
        "correct": 12,
        "total": 24
      },
      "morepa": {
        "acc": 0.5,
        "correct": 12,
        "total": 24
      },
      "moft": {
        "acc": 0.5,
        "correct": 12,
        "total": 24
      },
      "trd": {
        "acc": 0.4166666666666667,
        "correct": 10,
        "total": 24
      }
    },
    "Repetition Count": {
      "text": {
        "acc": 0.5,
        "correct": 12,
        "total": 24
      },
      "pixel": {
        "acc": 0.5416666666666666,
        "correct": 13,
        "total": 24
      },
      "flow": {
        "acc": 0.5,
        "correct": 12,
        "total": 24
      },
      "raw_wan": {
        "acc": 0.5416666666666666,
        "correct": 13,
        "total": 24
      },
      "morepa": {
        "acc": 0.5416666666666666,
        "correct": 13,
        "total": 24
      },
      "moft": {
        "acc": 0.5,
        "correct": 12,
        "total": 24
      },
      "trd": {
        "acc": 0.4583333333333333,
        "correct": 11,
        "total": 24
      }
    }
  },
  "raw_unique_by_question_type": {
    "Action Order": {
      "text_wrong_raw_correct": 2,
      "pixel_wrong_raw_correct": 1,
      "flow_wrong_raw_correct": 3,
      "tpf_all_wrong_raw_correct": 0,
      "tpf_all_wrong_total": 12,
      "p_raw_given_tpf_wrong": 0.0
    },
    "Motion Recognition": {
      "text_wrong_raw_correct": 1,
      "pixel_wrong_raw_correct": 2,
      "flow_wrong_raw_correct": 2,
      "tpf_all_wrong_raw_correct": 1,
      "tpf_all_wrong_total": 13,
      "p_raw_given_tpf_wrong": 0.07692307692307693
    },
    "Motion-related Objects": {
      "text_wrong_raw_correct": 0,
      "pixel_wrong_raw_correct": 0,
      "flow_wrong_raw_correct": 0,
      "tpf_all_wrong_raw_correct": 0,
      "tpf_all_wrong_total": 10,
      "p_raw_given_tpf_wrong": 0.0
    },
    "Repetition Count": {
      "text_wrong_raw_correct": 1,
      "pixel_wrong_raw_correct": 0,
      "flow_wrong_raw_correct": 1,
      "tpf_all_wrong_raw_correct": 0,
      "tpf_all_wrong_total": 11,
      "p_raw_given_tpf_wrong": 0.0
    }
  },
  "subsets": {
    "A_text_hard_wrong_or_low_margin": {
      "n": 63,
      "rate": 0.65625,
      "models": {
        "text": {
          "acc": 0.1746031746031746,
          "correct": 11,
          "total": 63
        },
        "pixel": {
          "acc": 0.19047619047619047,
          "correct": 12,
          "total": 63
        },
        "flow": {
          "acc": 0.20634920634920634,
          "correct": 13,
          "total": 63
        },
        "raw_wan": {
          "acc": 0.2222222222222222,
          "correct": 14,
          "total": 63
        },
        "morepa": {
          "acc": 0.20634920634920634,
          "correct": 13,
          "total": 63
        },
        "moft": {
          "acc": 0.15873015873015872,
          "correct": 10,
          "total": 63
        },